Titre,Entreprise,Lieu
Software engineer fullstack - Secteur Public - CDI - Paris,THEODO GOVTECH (EX-SOLONA),Paris
Alternance 16 mois - D√©veloppeur Web Junior (pour ses entreprises partenaires),IRONHACK FRANCE,Paris ¬∑ Paris
D√©veloppeur FullStack Logiciel F/H | Nantes Centre,VIRAGE GROUP,Nantes
Senior Fullstack Engineer,BUMP,Paris
D√©veloppeur Fullstack PHP Symfony (H/F),DIJI,Levallois-Perret
Tech Lead Fullstack PHP / React H/F,LA BO√éTE IMMO,Hy√®res
Ing√©nieur d√©veloppement fullstack NodeJS/Angular,ORANGE,Caou√´nnec-Lanv√©z√©ac
Ing√©nieur d√©veloppeur Fullstack JAVA/Angular F/H,ORANGE,Lannion
D√©veloppeur fullstack JAVA/Angular - Exp√©riment√©(e) F/H,ORANGE,Cesson-S√©vign√©
Tech Lead fullstack F/H,ORANGE,Cesson-S√©vign√©
D√©veloppeur(se) Fullstack F/H,CGI,Bordeaux
D√©veloppeur(se) Exp√©riment√©(e) - Fullstack & Cloud - Energy & Telecom ‚Äì Bordeaux,SOPRA STERIA,M√©rignac
D√©veloppeur(se) fullstack - Aeroline - Bordeaux,SOPRA STERIA,M√©rignac
D√©veloppeur.se Fullstack Angular Node.js,SHAPE IT,Lille
D√©veloppeur.se Fullstack Java Spring Angular,SHAPE IT,Lille
D√©veloppeur.se Fullstack Java Vue.js,SHAPE IT,Lyon
D√©veloppeur.se Fullstack Java React,SHAPE IT,Lille
Alternance-D√©veloppeur FullStack Low Code H/F,CR√âDIT MUTUEL ARK√âA,Brest
Software Engineer Fullstack H/F,DOUGS,Bron
Software Engineer Fullstack - Cross-Functional Team H/F,DOUGS,Bron
Ing√©nieur Fullstack Java / Angular (F/H),THALES,V√©lizy-Villacoublay
Responsable D√©veloppement ‚Äì Java ‚Äì Energie & T√©l√©com - Lyon,SOPRA STERIA,Limonest
D√©veloppeur(euse) Expert(e) ‚Äì Java Fullstack ‚Äì Energie & T√©l√©com - Lyon,SOPRA STERIA,Limonest
Senior Fullstack Developer F / H,EPSOR,Paris
STAGE - Ing√©nieur - D√©veloppement .net et - Energies Renouvelables - F/H,THALES,Lyon
Ing√©nieur.e Logiciel Fullstack H/F,QUANTUM SURGICAL,Montpellier
D√©veloppeur(se) JavaScript Fullstack Senior(e) F/H/X,ELEVEN LABS,Paris
Alternance D√©veloppeuse/D√©veloppeur Java Angular - Cherbourg,CAPGEMINI,Cherbourg-en-Cotentin
Fullstack Engineer,L-ACOUSTICS,Marcoussis
Fullstack Engineer @Tandem (Hexa AI),HEXA,Paris
Software Engineer Fullstack - CDI Paris - Theodo FinTech,THEODO FINTECH,Paris
D√©veloppeur FullStack Python H/F,NEXTON,Paris
Experienced/Senior Fullstack Engineer - Germany üá©üá™,DOCTRINE,Paris
Fullstack Developer .NET / Angular H/F,SELLSY,Bordeaux
D√©veloppeur Fullstack H/F,REDPILL,Paris
D√©veloppeur fullstack Confirm√©/Senior Node Typescript H/F,PADOA,Paris
